predicted_volatility,uncertainty,regime,recommended_exposure
0.015895952,0.009509185,EXTREME,0.15
0.015514624,0.009777411,EXTREME,0.15
0.014763253,0.009611115,EXTREME,0.15
0.014261233,0.009926766,EXTREME,0.15
0.013845132,0.010308922,EXTREME,0.15
0.014085673,0.009192008,EXTREME,0.15
0.015043225,0.009685301,EXTREME,0.15
0.01477038,0.0077288644,EXTREME,0.15
0.01868772,0.010116235,EXTREME,0.15
0.020393481,0.009255557,EXTREME,0.15
0.02197078,0.0084975,EXTREME,0.15
0.023264026,0.010284706,EXTREME,0.15
0.02001709,0.008622196,EXTREME,0.15
0.018909551,0.009750714,EXTREME,0.15
0.015880944,0.009709132,EXTREME,0.15
0.017181914,0.0102395145,EXTREME,0.15
0.014082124,0.009603767,EXTREME,0.15
0.013550064,0.009752687,EXTREME,0.15
0.012010997,0.009954044,EXTREME,0.15
0.009764459,0.0095541775,HIGH,0.4
0.0100125335,0.0076744,HIGH,0.4
0.0134169515,0.008290954,EXTREME,0.15
0.014953644,0.008216437,EXTREME,0.15
0.015499207,0.00877125,EXTREME,0.15
0.013733226,0.010348582,EXTREME,0.15
0.015576281,0.009717785,EXTREME,0.15
0.015801014,0.0092028575,EXTREME,0.15
0.013960955,0.008708515,EXTREME,0.15
0.014351782,0.00950107,EXTREME,0.15
0.012170105,0.009020117,EXTREME,0.15
0.011937905,0.008560758,EXTREME,0.15
0.012684298,0.008800905,EXTREME,0.15
0.013475098,0.009252931,EXTREME,0.15
0.011348553,0.009857899,EXTREME,0.15
0.01092552,0.01040302,HIGH,0.4
0.010191318,0.00933673,HIGH,0.4
0.012069059,0.008507327,EXTREME,0.15
0.011672421,0.009931996,EXTREME,0.15
0.011806042,0.008807959,EXTREME,0.15
0.011130568,0.00921191,HIGH,0.4
0.009478612,0.0090497425,HIGH,0.4
0.009504045,0.0083567025,HIGH,0.4
0.009603628,0.007758987,HIGH,0.4
0.009180514,0.00861547,HIGH,0.4
0.00972211,0.008287964,HIGH,0.4
0.010811213,0.00765154,HIGH,0.4
0.010303569,0.007978813,HIGH,0.4
0.011077541,0.007887686,HIGH,0.4
0.011265006,0.008073722,HIGH,0.4
0.009386785,0.007425603,HIGH,0.4
0.009838071,0.0075627747,HIGH,0.4
0.010341562,0.007586193,HIGH,0.4
0.011914927,0.008401091,EXTREME,0.15
0.011432097,0.008191709,EXTREME,0.15
0.012392671,0.008315468,EXTREME,0.15
0.012326585,0.007005346,EXTREME,0.15
0.012438169,0.008249033,EXTREME,0.15
0.014193998,0.008750385,EXTREME,0.15
0.012751361,0.007736038,EXTREME,0.15
0.011270014,0.007459298,HIGH,0.4
0.011536458,0.00860379,EXTREME,0.15
0.01345441,0.0072122333,EXTREME,0.15
0.012248424,0.007950155,EXTREME,0.15
0.01408037,0.008125756,EXTREME,0.15
0.012545258,0.0073639154,EXTREME,0.15
0.013758901,0.008634328,EXTREME,0.15
0.012422782,0.008749243,EXTREME,0.15
0.01400712,0.007564757,EXTREME,0.15
0.013908148,0.009212913,EXTREME,0.15
0.013495645,0.008455053,EXTREME,0.15
0.011652687,0.00819133,EXTREME,0.15
0.01108689,0.008419028,HIGH,0.4
0.010092586,0.008007042,HIGH,0.4
0.010882988,0.008726902,HIGH,0.4
0.012927694,0.008819973,EXTREME,0.15
0.012654943,0.007927185,EXTREME,0.15
0.011598191,0.009123215,EXTREME,0.15
0.010973544,0.008064421,HIGH,0.4
0.010868031,0.009132812,HIGH,0.4
0.008146641,0.009654873,HIGH,0.4
0.008084881,0.008323703,HIGH,0.4
0.008526719,0.008363832,HIGH,0.4
0.007383497,0.007837061,NORMAL,0.75
0.00654166,0.008194723,NORMAL,0.75
0.006342856,0.008766626,NORMAL,0.75
0.008623179,0.0075476426,HIGH,0.4
0.006221565,0.0073379376,NORMAL,0.75
0.009392663,0.008123689,HIGH,0.4
0.011256034,0.0077934926,HIGH,0.4
0.01221334,0.008398054,EXTREME,0.15
0.009871209,0.009166421,HIGH,0.4
0.010300712,0.008058574,HIGH,0.4
0.008895415,0.0077685756,HIGH,0.4
0.009905793,0.007420602,HIGH,0.4
0.011785466,0.009050253,EXTREME,0.15
0.010707026,0.008381362,HIGH,0.4
0.011969229,0.008103105,EXTREME,0.15
0.012366309,0.008134497,EXTREME,0.15
0.011251891,0.007897428,HIGH,0.4
0.008977804,0.0085785035,HIGH,0.4
0.010991492,0.0076441267,HIGH,0.4
0.009907506,0.008507388,HIGH,0.4
0.009320622,0.007956554,HIGH,0.4
0.0085128,0.007905797,HIGH,0.4
0.009348947,0.0077289804,HIGH,0.4
0.009146283,0.008157299,HIGH,0.4
0.010492644,0.008505889,HIGH,0.4
0.008214602,0.007215723,HIGH,0.4
0.008960087,0.009070893,HIGH,0.4
0.00927597,0.008349784,HIGH,0.4
0.010904576,0.008434677,HIGH,0.4
0.00942467,0.009064778,HIGH,0.4
0.010057599,0.008555041,HIGH,0.4
0.007192701,0.0072261915,NORMAL,0.75
0.0085704615,0.008516985,HIGH,0.4
0.007899848,0.0075180824,HIGH,0.4
0.0076430426,0.008793379,NORMAL,0.75
0.0069488864,0.0077713486,NORMAL,0.75
0.006005584,0.008473017,LOW,1.0
0.009588839,0.0071004704,HIGH,0.4
0.009284464,0.0074665397,HIGH,0.4
0.0092856325,0.008535119,HIGH,0.4
0.008234051,0.007625114,HIGH,0.4
0.008831475,0.008070472,HIGH,0.4
0.010162687,0.007220736,HIGH,0.4
0.010412245,0.006960051,HIGH,0.4
0.011041857,0.007990125,HIGH,0.4
0.011027753,0.009187886,HIGH,0.4
0.009456019,0.008708276,HIGH,0.4
0.008908486,0.007303922,HIGH,0.4
0.010397482,0.0084249675,HIGH,0.4
0.0087184785,0.007621617,HIGH,0.4
0.0069425,0.0074966713,NORMAL,0.75
0.00786151,0.009007229,HIGH,0.4
0.00615707,0.00789537,NORMAL,0.75
0.0077481265,0.0083885165,NORMAL,0.75
0.007873967,0.0072786766,HIGH,0.4
0.009640712,0.007527329,HIGH,0.4
0.007609137,0.008179442,NORMAL,0.75
0.010827418,0.007195176,HIGH,0.4
0.0088691795,0.007658614,HIGH,0.4
0.0087328255,0.0071668117,HIGH,0.4
0.008311958,0.007218704,HIGH,0.4
0.0077023343,0.0074332124,NORMAL,0.75
0.008597343,0.0071641,HIGH,0.4
0.008511582,0.007318149,HIGH,0.4
0.008014324,0.0072560627,HIGH,0.4
0.008903956,0.0065818457,HIGH,0.4
0.008729134,0.007998268,HIGH,0.4
0.010118116,0.007447713,HIGH,0.4
0.009449304,0.007324627,HIGH,0.4
0.007693438,0.006876888,NORMAL,0.75
0.007979601,0.007851823,HIGH,0.4
0.00781919,0.00794898,HIGH,0.4
0.0071676755,0.0071922005,NORMAL,0.75
0.00877442,0.0075982553,HIGH,0.4
0.0071210396,0.0071780453,NORMAL,0.75
0.0075867055,0.007288213,NORMAL,0.75
0.008533748,0.0065520494,HIGH,0.4
0.007643274,0.0073435428,NORMAL,0.75
0.009332033,0.0077175265,HIGH,0.4
0.008703092,0.0074072178,HIGH,0.4
0.009775057,0.008161044,HIGH,0.4
0.008429643,0.0086826505,HIGH,0.4
0.00819099,0.0074694627,HIGH,0.4
0.0102820005,0.00772877,HIGH,0.4
0.007937616,0.0068191374,HIGH,0.4
0.010430727,0.0077831815,HIGH,0.4
0.010350615,0.007665197,HIGH,0.4
0.009088937,0.0077141947,HIGH,0.4
0.00902185,0.00819534,HIGH,0.4
0.007920802,0.0077694617,HIGH,0.4
0.0061887903,0.007832255,NORMAL,0.75
0.0071174055,0.0074720746,NORMAL,0.75
0.005775679,0.0065655927,LOW,1.0
0.005639291,0.0071557118,LOW,1.0
0.0068005244,0.0078004533,NORMAL,0.75
0.007051576,0.008117199,NORMAL,0.75
0.0067404737,0.008613127,NORMAL,0.75
0.006594575,0.0075804866,NORMAL,0.75
0.0068500955,0.007373689,NORMAL,0.75
0.007580357,0.007618589,NORMAL,0.75
0.007914296,0.008464843,HIGH,0.4
0.0076473253,0.0074733836,NORMAL,0.75
0.008318139,0.0075672874,HIGH,0.4
0.005556901,0.007939365,LOW,1.0
0.007963597,0.0072949165,HIGH,0.4
0.009452932,0.00720261,HIGH,0.4
0.009842889,0.00888687,HIGH,0.4
0.009279227,0.008203678,HIGH,0.4
0.008710246,0.0070580556,HIGH,0.4
0.008746433,0.007972274,HIGH,0.4
0.008120973,0.009017244,HIGH,0.4
0.0084505435,0.006998968,HIGH,0.4
0.0066266684,0.008377358,NORMAL,0.75
0.006910744,0.008605698,NORMAL,0.75
0.0068316893,0.0073440145,NORMAL,0.75
0.008743223,0.008238612,HIGH,0.4
0.005300746,0.008694692,LOW,1.0
0.008593978,0.008220885,HIGH,0.4
0.006056349,0.008681603,NORMAL,0.75
0.005241917,0.0077708266,LOW,1.0
0.0049193357,0.008052423,LOW,1.0
0.006362958,0.0074354936,NORMAL,0.75
0.007900969,0.0065408023,HIGH,0.4
0.0050480445,0.0073300987,LOW,1.0
0.00608046,0.0078089517,NORMAL,0.75
0.008034482,0.008285524,HIGH,0.4
0.009162758,0.0075328643,HIGH,0.4
0.009200785,0.007834529,HIGH,0.4
0.0096708,0.0077614156,HIGH,0.4
0.008052414,0.007324398,HIGH,0.4
0.00816009,0.0076515484,HIGH,0.4
0.0068412814,0.0075685834,NORMAL,0.75
0.007638396,0.00837,NORMAL,0.75
0.008330422,0.007092768,HIGH,0.4
0.007982283,0.0067723193,HIGH,0.4
0.0074387193,0.007621844,NORMAL,0.75
0.009200777,0.00783634,HIGH,0.4
0.009551715,0.0071250866,HIGH,0.4
0.009832458,0.008510727,HIGH,0.4
0.0096075125,0.0078030345,HIGH,0.4
0.0103228185,0.008479597,HIGH,0.4
0.0096522225,0.008030878,HIGH,0.4
0.00840021,0.0081969565,HIGH,0.4
0.0101086125,0.0076799057,HIGH,0.4
0.009449867,0.008589848,HIGH,0.4
0.0063596573,0.0075603714,NORMAL,0.75
0.0073349867,0.009087503,NORMAL,0.75
0.0062899375,0.008545269,NORMAL,0.75
0.008482342,0.008885642,HIGH,0.4
0.006843525,0.009271033,NORMAL,0.75
0.0075404574,0.007807759,NORMAL,0.75
0.0046202056,0.008319258,LOW,1.0
0.0047559477,0.008434731,LOW,1.0
0.00555824,0.005881375,LOW,1.0
0.0056471694,0.008571354,LOW,1.0
0.0042534415,0.007176784,LOW,1.0
0.007851643,0.0076376665,HIGH,0.4
0.00639742,0.008078234,NORMAL,0.75
0.00634432,0.0076132882,NORMAL,0.75
0.008163899,0.006526225,HIGH,0.4
0.009798815,0.006986483,HIGH,0.4
0.010992449,0.008008014,HIGH,0.4
0.009510661,0.0080808755,HIGH,0.4
0.009394731,0.007222991,HIGH,0.4
0.008090714,0.008376638,HIGH,0.4
0.010596926,0.0076289903,HIGH,0.4
0.010699608,0.008224924,HIGH,0.4
0.008459115,0.009320215,HIGH,0.4
0.009146776,0.009544063,HIGH,0.4
0.009568783,0.008139275,HIGH,0.4
0.008742799,0.008529013,HIGH,0.4
0.009116878,0.007648963,HIGH,0.4
0.009582974,0.008128571,HIGH,0.4
0.009160822,0.008237242,HIGH,0.4
0.010063673,0.007534336,HIGH,0.4
0.0101759005,0.007462183,HIGH,0.4
0.008590709,0.0068664025,HIGH,0.4
0.009010653,0.008154224,HIGH,0.4
0.009652484,0.0074584307,HIGH,0.4
0.010677809,0.007838523,HIGH,0.4
0.011793359,0.007329529,EXTREME,0.15
0.011741456,0.00689491,EXTREME,0.15
0.011288737,0.008020877,HIGH,0.4
0.010557651,0.007581947,HIGH,0.4
0.011458549,0.008051688,EXTREME,0.15
0.010764288,0.0086357035,HIGH,0.4
0.010533553,0.0072389953,HIGH,0.4
0.011359707,0.008754494,EXTREME,0.15
0.011217636,0.008668654,HIGH,0.4
0.008442503,0.00939593,HIGH,0.4
0.0076624067,0.008956955,NORMAL,0.75
0.00851882,0.0073999497,HIGH,0.4
0.007913129,0.008653484,HIGH,0.4
0.007855693,0.00920817,HIGH,0.4
0.0076707844,0.007849206,NORMAL,0.75
0.005753867,0.007703834,LOW,1.0
0.0064887377,0.008171329,NORMAL,0.75
0.0071386667,0.00799843,NORMAL,0.75
0.0066242437,0.00858258,NORMAL,0.75
0.007891994,0.007999878,HIGH,0.4
0.009322589,0.007066507,HIGH,0.4
0.00856413,0.0069350973,HIGH,0.4
0.007500949,0.00913658,NORMAL,0.75
0.008201858,0.006744168,HIGH,0.4
0.008803644,0.007680012,HIGH,0.4
0.009703007,0.0075935423,HIGH,0.4
0.009009528,0.008435441,HIGH,0.4
0.010081105,0.007526859,HIGH,0.4
0.009381229,0.0086774025,HIGH,0.4
0.010168981,0.0074421433,HIGH,0.4
0.008546287,0.0077587795,HIGH,0.4
0.009486767,0.008451756,HIGH,0.4
0.008739671,0.00833664,HIGH,0.4
0.0069806185,0.008423479,NORMAL,0.75
0.00813205,0.00911935,HIGH,0.4
0.006137538,0.0079774605,NORMAL,0.75
0.007971818,0.0077755116,HIGH,0.4
0.0076215602,0.0080798585,NORMAL,0.75
0.0061098533,0.008095958,NORMAL,0.75
0.007431957,0.0072478545,NORMAL,0.75
0.008127844,0.0070743454,HIGH,0.4
0.0092220865,0.008041369,HIGH,0.4
0.006600044,0.0069489847,NORMAL,0.75
0.007791796,0.008135771,NORMAL,0.75
0.00715064,0.008709839,NORMAL,0.75
0.008471962,0.0066657555,HIGH,0.4
0.007023415,0.007557501,NORMAL,0.75
0.006834084,0.0068496205,NORMAL,0.75
0.0068218405,0.008277922,NORMAL,0.75
0.007965153,0.007939232,HIGH,0.4
0.0093799345,0.0075516733,HIGH,0.4
0.009589971,0.006690796,HIGH,0.4
0.010619041,0.0070360866,HIGH,0.4
0.008224639,0.007337106,HIGH,0.4
0.011017076,0.007866414,HIGH,0.4
0.010307652,0.0073282346,HIGH,0.4
0.010958799,0.008074033,HIGH,0.4
0.008788204,0.0068482156,HIGH,0.4
0.010451134,0.008412152,HIGH,0.4
0.012117105,0.0069328793,EXTREME,0.15
0.012083887,0.008126798,EXTREME,0.15
0.010125483,0.008022178,HIGH,0.4
0.00936513,0.0078028175,HIGH,0.4
0.009038325,0.0074947374,HIGH,0.4
0.01062597,0.008578359,HIGH,0.4
0.010259463,0.0074589513,HIGH,0.4
0.009212637,0.0070447396,HIGH,0.4
0.009519603,0.0073454166,HIGH,0.4
0.010202643,0.007084872,HIGH,0.4
0.011385665,0.00784947,EXTREME,0.15
0.011859041,0.0082827,EXTREME,0.15
0.009236654,0.0076671354,HIGH,0.4
0.009244877,0.0070648845,HIGH,0.4
0.010042388,0.0071608583,HIGH,0.4
0.00962954,0.0076015303,HIGH,0.4
0.008769677,0.007117278,HIGH,0.4
0.00928033,0.0069482177,HIGH,0.4
0.009183387,0.008233165,HIGH,0.4
0.0077396617,0.0065643396,NORMAL,0.75
0.0071972804,0.007026617,NORMAL,0.75
0.009427602,0.008124919,HIGH,0.4
0.010200855,0.0077842576,HIGH,0.4
0.0082216645,0.0076752976,HIGH,0.4
0.007729692,0.0072101997,NORMAL,0.75
0.0070373453,0.006904364,NORMAL,0.75
0.0056290813,0.007534087,LOW,1.0
0.008010831,0.0070834677,HIGH,0.4
0.007402096,0.0073844297,NORMAL,0.75
0.0071884003,0.007151842,NORMAL,0.75
0.008457977,0.0067434525,HIGH,0.4
0.0075603668,0.007450949,NORMAL,0.75
0.008919423,0.0073597217,HIGH,0.4
0.008342818,0.006880862,HIGH,0.4
0.007849086,0.0071939044,HIGH,0.4
0.00907476,0.0066446587,HIGH,0.4
0.0076692197,0.0070971823,NORMAL,0.75
0.0064173555,0.0073203566,NORMAL,0.75
0.007774894,0.0069730994,NORMAL,0.75
0.005991834,0.0062559824,LOW,1.0
0.007139002,0.0068980115,NORMAL,0.75
0.009765933,0.007634723,HIGH,0.4
0.01113182,0.008046215,HIGH,0.4
0.009877088,0.007828702,HIGH,0.4
0.009263407,0.00756678,HIGH,0.4
0.0070527787,0.008265499,NORMAL,0.75
0.0055785812,0.008144952,LOW,1.0
0.0057750265,0.008329289,LOW,1.0
0.004200773,0.008233214,LOW,1.0
0.0046691014,0.007524879,LOW,1.0
0.005484652,0.0073162518,LOW,1.0
0.0046838373,0.008715291,LOW,1.0
0.0042537856,0.008086149,LOW,1.0
0.006487576,0.008312489,NORMAL,0.75
0.00824528,0.006990786,HIGH,0.4
0.0072013517,0.008650836,NORMAL,0.75
0.007116342,0.0073396894,NORMAL,0.75
0.0064506214,0.007973613,NORMAL,0.75
0.006166128,0.0074313637,NORMAL,0.75
0.0066363285,0.007721159,NORMAL,0.75
0.009191532,0.008523601,HIGH,0.4
0.0076085664,0.008598731,NORMAL,0.75
0.0096380245,0.008346446,HIGH,0.4
0.009926186,0.007020615,HIGH,0.4
0.008272367,0.007800594,HIGH,0.4
0.0069221156,0.008243662,NORMAL,0.75
0.008359761,0.0076618427,HIGH,0.4
0.008201429,0.007523212,HIGH,0.4
0.005666335,0.0069780624,LOW,1.0
0.008558134,0.0066857683,HIGH,0.4
0.008022403,0.0074082217,HIGH,0.4
0.0075891768,0.006683367,NORMAL,0.75
0.008701738,0.007424427,HIGH,0.4
0.007930212,0.0074570463,HIGH,0.4
0.008185826,0.007403883,HIGH,0.4
0.009291792,0.0072283633,HIGH,0.4
0.0064755897,0.00744417,NORMAL,0.75
0.0061803525,0.007312661,NORMAL,0.75
0.0057105366,0.006478826,LOW,1.0
0.0062028486,0.007514465,NORMAL,0.75
0.00600861,0.0073251054,LOW,1.0
0.0065595126,0.0075428393,NORMAL,0.75
0.007316291,0.006987003,NORMAL,0.75
0.006775854,0.008205432,NORMAL,0.75
0.005722566,0.0076447744,LOW,1.0
0.0055257734,0.007203002,LOW,1.0
0.005764867,0.007250715,LOW,1.0
0.0041436376,0.0077280942,LOW,1.0
0.0067779277,0.0072392137,NORMAL,0.75
0.006977515,0.006839142,NORMAL,0.75
0.0071394946,0.0074988836,NORMAL,0.75
0.0045944783,0.006711509,LOW,1.0
0.0083015505,0.007532958,HIGH,0.4
0.0052794083,0.0070949327,LOW,1.0
0.006900756,0.007750614,NORMAL,0.75
0.0051540304,0.007492228,LOW,1.0
0.0045058094,0.00714336,LOW,1.0
0.0052231634,0.006668669,LOW,1.0
0.0060332716,0.0070494944,NORMAL,0.75
0.006011403,0.006816883,NORMAL,0.75
0.0070311613,0.007886462,NORMAL,0.75
0.006620943,0.0074754506,NORMAL,0.75
0.0073597413,0.0063729617,NORMAL,0.75
0.008521608,0.006108193,HIGH,0.4
0.006665941,0.0077815806,NORMAL,0.75
0.007785946,0.007519423,NORMAL,0.75
0.010086256,0.007517492,HIGH,0.4
0.009804885,0.0066155023,HIGH,0.4
0.009831735,0.007455233,HIGH,0.4
0.00953582,0.0075257453,HIGH,0.4
0.008656403,0.008161353,HIGH,0.4
0.012056494,0.007867318,EXTREME,0.15
0.012495302,0.008257047,EXTREME,0.15
0.011776196,0.007837346,EXTREME,0.15
0.010049232,0.009044289,HIGH,0.4
0.010936781,0.008806169,HIGH,0.4
0.010494474,0.0071402667,HIGH,0.4
0.01205094,0.0077655376,EXTREME,0.15
0.014299809,0.008385377,EXTREME,0.15
0.020343967,0.0095007615,EXTREME,0.15
0.021413073,0.009066638,EXTREME,0.15
0.016808279,0.009433972,EXTREME,0.15
0.015101645,0.009428027,EXTREME,0.15
0.014027064,0.008870347,EXTREME,0.15
0.013938691,0.010202984,EXTREME,0.15
0.012608204,0.008760854,EXTREME,0.15
0.010204282,0.0089321295,HIGH,0.4
0.009105131,0.009683499,HIGH,0.4
0.0098907165,0.00994099,HIGH,0.4
0.012119944,0.010475273,EXTREME,0.15
0.01191589,0.010411169,EXTREME,0.15
0.010791688,0.008100053,HIGH,0.4
0.012779839,0.01024624,EXTREME,0.15
0.010609747,0.0075887716,HIGH,0.4
0.011338404,0.008831134,EXTREME,0.15
0.008948713,0.008547902,HIGH,0.4
0.011603492,0.00802501,EXTREME,0.15
0.010347162,0.010882278,HIGH,0.4
0.010738342,0.009391978,HIGH,0.4
0.015138397,0.00810868,EXTREME,0.15
0.016782926,0.0075755813,EXTREME,0.15
0.014384842,0.008270311,EXTREME,0.15
0.018972298,0.008331162,EXTREME,0.15
0.018334001,0.008763745,EXTREME,0.15
0.015892092,0.00958295,EXTREME,0.15
0.014548183,0.008240557,EXTREME,0.15
0.013634825,0.0090049775,EXTREME,0.15
0.011602056,0.009012285,EXTREME,0.15
0.0117202485,0.009185176,EXTREME,0.15
0.011085429,0.00954193,HIGH,0.4
0.010299734,0.008107291,HIGH,0.4
0.009694464,0.0084118415,HIGH,0.4
0.008723021,0.006224989,HIGH,0.4
0.0073491186,0.0077381544,NORMAL,0.75
0.0059223487,0.008142875,LOW,1.0
0.007919215,0.007899364,HIGH,0.4
0.008501421,0.007661087,HIGH,0.4
0.009127586,0.0072510894,HIGH,0.4
0.0076891254,0.0071723647,NORMAL,0.75
0.009687106,0.00816198,HIGH,0.4
0.009079873,0.007273207,HIGH,0.4
0.010364521,0.008217786,HIGH,0.4
0.00679418,0.007407645,NORMAL,0.75
0.009865,0.0072928406,HIGH,0.4
0.010651346,0.008841076,HIGH,0.4
0.008847747,0.008364504,HIGH,0.4
0.009350795,0.008263795,HIGH,0.4
0.008952731,0.007328813,HIGH,0.4
0.008003808,0.007021363,HIGH,0.4
0.009951735,0.0068967505,HIGH,0.4
0.009596508,0.0086168945,HIGH,0.4
0.0071189087,0.0072856885,NORMAL,0.75
0.007564531,0.0073315618,NORMAL,0.75
0.0069570364,0.008171494,NORMAL,0.75
0.0077264514,0.007533099,NORMAL,0.75
0.0062356163,0.007192491,NORMAL,0.75
0.006932772,0.007815058,NORMAL,0.75
0.0062030945,0.0074743647,NORMAL,0.75
0.005675705,0.0077116406,LOW,1.0
0.0047557275,0.00806236,LOW,1.0
0.005345412,0.0076753567,LOW,1.0
0.008348343,0.007863405,HIGH,0.4
0.006843541,0.007695148,NORMAL,0.75
0.007780549,0.008117824,NORMAL,0.75
0.0056499564,0.009612699,LOW,1.0
0.0056761815,0.009153445,LOW,1.0
0.0053759986,0.0080247605,LOW,1.0
0.007199072,0.0075495797,NORMAL,0.75
0.008294084,0.0075279493,HIGH,0.4
0.008889705,0.0077638486,HIGH,0.4
0.00969528,0.0074291267,HIGH,0.4
0.008798636,0.007608942,HIGH,0.4
0.0101977,0.0077822455,HIGH,0.4
0.009820055,0.00987321,HIGH,0.4
0.009725481,0.00785159,HIGH,0.4
0.008095714,0.0077331313,HIGH,0.4
0.007966102,0.0071044485,HIGH,0.4
0.006072277,0.008570728,NORMAL,0.75
0.006394352,0.008610898,NORMAL,0.75
0.00574474,0.007506315,LOW,1.0
0.005541384,0.008448619,LOW,1.0
0.0058301194,0.0075607034,LOW,1.0
0.0046673687,0.0075176074,LOW,1.0
0.0068664276,0.008832252,NORMAL,0.75
0.0062787407,0.0074296203,NORMAL,0.75
0.0050029927,0.0077344486,LOW,1.0
0.005526015,0.007674013,LOW,1.0
0.006481811,0.008378464,NORMAL,0.75
0.0064182593,0.007332587,NORMAL,0.75
0.0059535773,0.007848844,LOW,1.0
0.0060542016,0.007660539,NORMAL,0.75
0.0064490526,0.0070821675,NORMAL,0.75
0.00607484,0.0070566363,NORMAL,0.75
0.00882364,0.007865474,HIGH,0.4
0.014748249,0.008584711,EXTREME,0.15
0.018272739,0.008341098,EXTREME,0.15
0.015843002,0.00694456,EXTREME,0.15
0.012300649,0.0090599,EXTREME,0.15
0.010137217,0.009690344,HIGH,0.4
0.009121021,0.008761138,HIGH,0.4
0.010999394,0.0090504335,HIGH,0.4
0.0136619555,0.010347243,EXTREME,0.15
0.014245672,0.0079935705,EXTREME,0.15
0.012537655,0.01087816,EXTREME,0.15
0.01013965,0.0088876495,HIGH,0.4
0.010439026,0.009925336,HIGH,0.4
0.009149308,0.008373395,HIGH,0.4
0.01184228,0.0098554185,EXTREME,0.15
0.011589243,0.009960383,EXTREME,0.15
0.013714459,0.00794934,EXTREME,0.15
0.010975926,0.008676209,HIGH,0.4
0.0064215316,0.008323909,NORMAL,0.75
0.008968484,0.009103392,HIGH,0.4
0.009904462,0.009875613,HIGH,0.4
0.00809117,0.009536301,HIGH,0.4
0.010764586,0.007978287,HIGH,0.4
0.011612681,0.009744089,EXTREME,0.15
0.008569582,0.009580766,HIGH,0.4
0.01267829,0.009738203,EXTREME,0.15
0.011345395,0.008280331,EXTREME,0.15
0.011419993,0.008622448,EXTREME,0.15
0.010643458,0.008047409,HIGH,0.4
0.011813657,0.008627199,EXTREME,0.15
0.012708082,0.009372366,EXTREME,0.15
0.012157696,0.007887555,EXTREME,0.15
0.009074826,0.007900945,HIGH,0.4
0.008151011,0.0070512095,HIGH,0.4
0.009502244,0.0073818853,HIGH,0.4
0.008863607,0.00766853,HIGH,0.4
0.008118743,0.007917742,HIGH,0.4
0.01032449,0.0078030364,HIGH,0.4
0.0074298335,0.006409523,NORMAL,0.75
0.0063468725,0.0076507535,NORMAL,0.75
0.0067527783,0.007846029,NORMAL,0.75
0.006648407,0.0068288953,NORMAL,0.75
0.0062974757,0.007271235,NORMAL,0.75
0.009807639,0.007487379,HIGH,0.4
0.01048446,0.007484811,HIGH,0.4
0.009934634,0.007885941,HIGH,0.4
0.007629102,0.006483337,NORMAL,0.75
0.00997735,0.0073452415,HIGH,0.4
0.009756387,0.008465087,HIGH,0.4
0.010575976,0.007471371,HIGH,0.4
0.011457984,0.007677915,EXTREME,0.15
0.011935116,0.008781034,EXTREME,0.15
0.011781995,0.008050476,EXTREME,0.15
0.011522535,0.00970118,EXTREME,0.15
0.012702764,0.008414352,EXTREME,0.15
0.012562616,0.009021348,EXTREME,0.15
0.0091405725,0.009612557,HIGH,0.4
0.011205293,0.008614226,HIGH,0.4
0.010125105,0.009440433,HIGH,0.4
0.009113675,0.009925987,HIGH,0.4
0.0075516407,0.008323954,NORMAL,0.75
0.008018283,0.008838234,HIGH,0.4
0.008840824,0.009374819,HIGH,0.4
0.008823621,0.0073022153,HIGH,0.4
0.008695367,0.008952524,HIGH,0.4
0.0075667994,0.008376282,NORMAL,0.75
0.008825853,0.006982146,HIGH,0.4
0.009991448,0.007694306,HIGH,0.4
0.011562482,0.008024821,EXTREME,0.15
0.011365849,0.008288537,EXTREME,0.15
0.011993665,0.007844074,EXTREME,0.15
0.00937019,0.008024716,HIGH,0.4
0.016920855,0.007901608,EXTREME,0.15
0.025630305,0.009742096,EXTREME,0.15
0.026253277,0.01090468,EXTREME,0.15
0.025762463,0.011331858,EXTREME,0.15
0.026093857,0.010519818,EXTREME,0.15
0.034252044,0.011559258,EXTREME,0.15
0.033724193,0.011966744,EXTREME,0.15
0.035193413,0.011937887,EXTREME,0.15
0.034035526,0.011495278,EXTREME,0.15
0.033536073,0.011096594,EXTREME,0.15
0.030290052,0.0118471915,EXTREME,0.15
0.029031293,0.011986665,EXTREME,0.15
0.027230594,0.012525744,EXTREME,0.15
0.024905736,0.01184778,EXTREME,0.15
0.022058826,0.011659439,EXTREME,0.15
0.020123446,0.011720115,EXTREME,0.15
0.021158386,0.010821148,EXTREME,0.15
0.0153242005,0.010975987,EXTREME,0.15
0.01737637,0.010542803,EXTREME,0.15
0.012842007,0.011022776,EXTREME,0.15
0.013270443,0.011250932,EXTREME,0.15
0.012697176,0.010404079,EXTREME,0.15
0.014222566,0.010649841,EXTREME,0.15
0.014182737,0.010421871,EXTREME,0.15
0.012198633,0.009782375,EXTREME,0.15
0.010826666,0.01032499,HIGH,0.4
0.011595516,0.009725529,EXTREME,0.15
0.012314352,0.008812977,EXTREME,0.15
0.011286748,0.01069503,HIGH,0.4
0.013101251,0.010631759,EXTREME,0.15
0.011422289,0.010794808,EXTREME,0.15
0.013048947,0.009842928,EXTREME,0.15
0.013909599,0.010542475,EXTREME,0.15
0.017049056,0.009962463,EXTREME,0.15
0.014841889,0.0101063335,EXTREME,0.15
0.015424161,0.010951668,EXTREME,0.15
0.014405659,0.0089389505,EXTREME,0.15
0.010838267,0.010527851,HIGH,0.4
0.010597657,0.00970876,HIGH,0.4
0.011547739,0.009041565,EXTREME,0.15
0.010569584,0.009026107,HIGH,0.4
0.011237286,0.008914863,HIGH,0.4
0.010296897,0.009466814,HIGH,0.4
0.0107303215,0.009662008,HIGH,0.4
0.009347418,0.008426328,HIGH,0.4
0.008707976,0.00832649,HIGH,0.4
0.00923004,0.0070427824,HIGH,0.4
0.007875426,0.008936992,HIGH,0.4
0.0061283503,0.008687897,NORMAL,0.75
0.00950871,0.009007101,HIGH,0.4
0.008340189,0.0076839835,HIGH,0.4
0.010425053,0.007926923,HIGH,0.4
0.007808737,0.007845507,NORMAL,0.75
0.009022442,0.009362315,HIGH,0.4
0.007212371,0.0075501623,NORMAL,0.75
0.0071296566,0.009286535,NORMAL,0.75
0.007409119,0.008085087,NORMAL,0.75
0.0075867455,0.008298399,NORMAL,0.75
0.007880899,0.007834997,HIGH,0.4
0.007853948,0.009209854,HIGH,0.4
0.007854219,0.0074667195,HIGH,0.4
0.007244672,0.007358057,NORMAL,0.75
0.007118625,0.0061690663,NORMAL,0.75
0.007477037,0.00743593,NORMAL,0.75
0.0070627565,0.0070453826,NORMAL,0.75
0.0075983275,0.007900434,NORMAL,0.75
0.0057796286,0.008401135,LOW,1.0
0.0063528274,0.007743304,NORMAL,0.75
0.006251839,0.0074221483,NORMAL,0.75
0.006822957,0.007682112,NORMAL,0.75
0.008713237,0.007508311,HIGH,0.4
0.006027271,0.008578264,NORMAL,0.75
0.006025934,0.00872912,NORMAL,0.75
0.00716461,0.007436509,NORMAL,0.75
0.006907289,0.0077830837,NORMAL,0.75
0.0052051307,0.008177809,LOW,1.0
0.0061752577,0.0075071445,NORMAL,0.75
0.0044456683,0.007908135,LOW,1.0
0.004938651,0.0075506987,LOW,1.0
0.006069001,0.008333637,NORMAL,0.75
0.0066179847,0.0074255364,NORMAL,0.75
0.006068033,0.007066911,NORMAL,0.75
0.008194321,0.008435177,HIGH,0.4
0.006308638,0.007763524,NORMAL,0.75
0.0070091053,0.0077223773,NORMAL,0.75
0.0065648337,0.008813202,NORMAL,0.75
0.007674236,0.008064576,NORMAL,0.75
0.007647002,0.008591065,NORMAL,0.75
0.00713588,0.007814513,NORMAL,0.75
0.005267082,0.0073964274,LOW,1.0
0.0059906878,0.008964372,LOW,1.0
0.009439237,0.008255328,HIGH,0.4
0.008880719,0.0072394754,HIGH,0.4
0.006297482,0.007634846,NORMAL,0.75
0.0073391567,0.007982702,NORMAL,0.75
0.0074828546,0.0071196794,NORMAL,0.75
0.0061230594,0.0077067297,NORMAL,0.75
0.0054594763,0.007261009,LOW,1.0
0.0056805382,0.0064097675,LOW,1.0
0.006038459,0.0076078097,NORMAL,0.75
0.005868623,0.0066752858,LOW,1.0
0.0057518147,0.0062069884,LOW,1.0
0.008764888,0.007522501,HIGH,0.4
0.009249012,0.0082850475,HIGH,0.4
0.009508701,0.0076325056,HIGH,0.4
0.0073596276,0.007722139,NORMAL,0.75
0.0074700755,0.0071447883,NORMAL,0.75
0.007372264,0.0075903567,NORMAL,0.75
0.006698219,0.006685971,NORMAL,0.75
0.0073222835,0.007914362,NORMAL,0.75
0.005051027,0.007243706,LOW,1.0
0.0058480273,0.006942248,LOW,1.0
0.0057785255,0.006894825,LOW,1.0
0.0066844737,0.0071948916,NORMAL,0.75
0.0064540342,0.006624024,NORMAL,0.75
0.005757671,0.006052772,LOW,1.0
0.0080242725,0.0072851395,HIGH,0.4
0.004803861,0.007053235,LOW,1.0
0.0055584693,0.007299284,LOW,1.0
0.0065794243,0.0073528276,NORMAL,0.75
0.0060756924,0.007388873,NORMAL,0.75
0.005289425,0.0072405105,LOW,1.0
0.005198503,0.0075361934,LOW,1.0
0.004854363,0.007569461,LOW,1.0
0.0067209755,0.008081047,NORMAL,0.75
0.0050715245,0.008364253,LOW,1.0
0.0075842696,0.007487732,NORMAL,0.75
0.004247795,0.006581326,LOW,1.0
0.0065321308,0.007859694,NORMAL,0.75
0.0052246843,0.0077222204,LOW,1.0
0.004702554,0.006418837,LOW,1.0
0.010664761,0.007375101,HIGH,0.4
0.008523683,0.0075949295,HIGH,0.4
0.010731826,0.008278384,HIGH,0.4
0.011105963,0.0071896245,HIGH,0.4
0.012806227,0.0076654786,EXTREME,0.15
0.01158214,0.007701754,EXTREME,0.15
0.008470531,0.007200674,HIGH,0.4
0.006912261,0.0093491925,NORMAL,0.75
0.009608598,0.009145519,HIGH,0.4
0.008409077,0.0098378705,HIGH,0.4
0.008343924,0.008931151,HIGH,0.4
0.0066250414,0.009273079,NORMAL,0.75
0.006266822,0.0092890635,NORMAL,0.75
0.009331732,0.00928467,HIGH,0.4
0.009689886,0.01007728,HIGH,0.4
0.010664255,0.009824309,HIGH,0.4
0.008658579,0.01016792,HIGH,0.4
0.010065103,0.008895723,HIGH,0.4
0.010775954,0.008550671,HIGH,0.4
0.010846914,0.010384612,HIGH,0.4
0.011479045,0.009090906,EXTREME,0.15
0.010907488,0.009779358,HIGH,0.4
0.01044541,0.0100788865,HIGH,0.4
0.008991218,0.008463612,HIGH,0.4
0.012507123,0.010004715,EXTREME,0.15
0.012215074,0.01105327,EXTREME,0.15
